-- phpMyAdmin SQL Dump
-- version 5.2.0
-- https://www.phpmyadmin.net/
--
-- Host: 127.0.0.1
-- Generation Time: Jun 09, 2024 at 10:49 AM
-- Server version: 10.4.27-MariaDB
-- PHP Version: 7.4.33

SET SQL_MODE = "NO_AUTO_VALUE_ON_ZERO";
START TRANSACTION;
SET time_zone = "+00:00";


/*!40101 SET @OLD_CHARACTER_SET_CLIENT=@@CHARACTER_SET_CLIENT */;
/*!40101 SET @OLD_CHARACTER_SET_RESULTS=@@CHARACTER_SET_RESULTS */;
/*!40101 SET @OLD_COLLATION_CONNECTION=@@COLLATION_CONNECTION */;
/*!40101 SET NAMES utf8mb4 */;

--
-- Database: `88erp`
--

-- --------------------------------------------------------

--
-- Table structure for table `branches`
--

CREATE TABLE `branches` (
  `id` bigint(20) UNSIGNED NOT NULL,
  `_name` varchar(100) NOT NULL,
  `_code` varchar(50) NOT NULL,
  `_address` varchar(255) DEFAULT NULL,
  `_date` date DEFAULT NULL,
  `_email` varchar(60) DEFAULT NULL,
  `_phone` varchar(20) DEFAULT NULL,
  `_status` tinyint(4) NOT NULL DEFAULT 0,
  `_created_by` varchar(60) DEFAULT NULL,
  `_updated_by` varchar(60) DEFAULT NULL,
  `created_at` timestamp NULL DEFAULT current_timestamp(),
  `updated_at` timestamp NULL DEFAULT current_timestamp()
) ENGINE=InnoDB DEFAULT CHARSET=utf8mb4 COLLATE=utf8mb4_unicode_ci;

--
-- Dumping data for table `branches`
--

INSERT INTO `branches` (`id`, `_name`, `_code`, `_address`, `_date`, `_email`, `_phone`, `_status`, `_created_by`, `_updated_by`, `created_at`, `updated_at`) VALUES
(1, 'Head Office', 'HO', 'Navana Zohura Square Office B-8, Abason bhabon, Banglamotor Dhaka - 1205', '2023-10-01', 'josim@inspore.com.bd', 'N/A', 1, '46-Admin', '46-admin', '2023-10-11 12:34:26', '2024-03-05 20:19:34'),
(2, 'HEAVY INDUSTRY', 'HI', 'HEAVY INDUSTRY', '2024-03-11', 'email@gmail.com', 'N/A', 1, '46-admin', NULL, '2024-03-11 05:07:21', '2024-03-11 05:07:21');

-- --------------------------------------------------------

--
-- Table structure for table `companies`
--

CREATE TABLE `companies` (
  `id` bigint(20) UNSIGNED NOT NULL,
  `_code` varchar(50) DEFAULT NULL,
  `_name` varchar(255) NOT NULL,
  `_details` longtext DEFAULT NULL,
  `_status` int(11) NOT NULL,
  `_user` int(11) NOT NULL,
  `created_at` timestamp NULL DEFAULT NULL,
  `updated_at` timestamp NULL DEFAULT NULL
) ENGINE=InnoDB DEFAULT CHARSET=utf8mb4 COLLATE=utf8mb4_unicode_ci;

--
-- Dumping data for table `companies`
--

INSERT INTO `companies` (`id`, `_code`, `_name`, `_details`, `_status`, `_user`, `created_at`, `updated_at`) VALUES
(1, 'IES', 'Inspore Engineering Solution', '', 1, 46, '2023-10-11 12:33:05', '2024-03-05 20:19:05');

-- --------------------------------------------------------

--
-- Table structure for table `cost_centers`
--

CREATE TABLE `cost_centers` (
  `id` bigint(20) UNSIGNED NOT NULL,
  `_name` varchar(255) NOT NULL,
  `_code` varchar(255) NOT NULL,
  `_start_date` date DEFAULT NULL,
  `_end_date` date DEFAULT NULL,
  `_branch_id` int(11) DEFAULT NULL,
  `organization_id` int(11) DEFAULT NULL,
  `_detail` longtext DEFAULT NULL,
  `_is_close` tinyint(4) NOT NULL DEFAULT 0,
  `_status` tinyint(4) NOT NULL DEFAULT 1,
  `_created_by` varchar(150) DEFAULT NULL,
  `_updated_by` varchar(150) DEFAULT NULL,
  `created_at` timestamp NULL DEFAULT NULL,
  `updated_at` timestamp NULL DEFAULT NULL
) ENGINE=InnoDB DEFAULT CHARSET=utf8mb4 COLLATE=utf8mb4_unicode_ci;

--
-- Dumping data for table `cost_centers`
--

INSERT INTO `cost_centers` (`id`, `_name`, `_code`, `_start_date`, `_end_date`, `_branch_id`, `organization_id`, `_detail`, `_is_close`, `_status`, `_created_by`, `_updated_by`, `created_at`, `updated_at`) VALUES
(1, 'Main', '', NULL, NULL, 1, NULL, '', 1, 1, '46-Admin', NULL, '2023-10-11 12:35:07', '2024-02-20 19:21:38'),
(2, 'LGED PROJECT', 'LG', '2024-03-01', '2024-04-30', 2, NULL, '', 1, 1, '46-admin', NULL, '2024-03-11 05:07:58', '2024-03-11 05:07:58');

-- --------------------------------------------------------

--
-- Table structure for table `model_has_permissions`
--

CREATE TABLE `model_has_permissions` (
  `permission_id` bigint(20) UNSIGNED NOT NULL,
  `model_type` varchar(255) NOT NULL,
  `model_id` bigint(20) UNSIGNED NOT NULL
) ENGINE=InnoDB DEFAULT CHARSET=utf8mb4 COLLATE=utf8mb4_unicode_ci;

-- --------------------------------------------------------

--
-- Table structure for table `model_has_roles`
--

CREATE TABLE `model_has_roles` (
  `role_id` bigint(20) UNSIGNED NOT NULL,
  `model_type` varchar(255) NOT NULL,
  `model_id` bigint(20) UNSIGNED NOT NULL
) ENGINE=InnoDB DEFAULT CHARSET=utf8mb4 COLLATE=utf8mb4_unicode_ci;

--
-- Dumping data for table `model_has_roles`
--

INSERT INTO `model_has_roles` (`role_id`, `model_type`, `model_id`) VALUES
(1, 'App\\Models\\User', 2),
(1, 'App\\Models\\User', 46),
(1, 'App\\Models\\User', 47),
(1, 'App\\Models\\User', 49),
(3, 'App\\Models\\User', 51),
(3, 'App\\Models\\User', 52),
(3, 'App\\Models\\User', 53),
(5, 'App\\Models\\User', 4),
(5, 'App\\Models\\User', 5),
(5, 'App\\Models\\User', 28),
(5, 'App\\Models\\User', 31),
(5, 'App\\Models\\User', 33),
(5, 'App\\Models\\User', 34),
(5, 'App\\Models\\User', 35),
(5, 'App\\Models\\User', 36),
(5, 'App\\Models\\User', 38),
(5, 'App\\Models\\User', 40),
(5, 'App\\Models\\User', 54),
(10, 'App\\Models\\User', 55),
(10, 'App\\Models\\User', 56),
(10, 'App\\Models\\User', 57),
(10, 'App\\Models\\User', 58),
(10, 'App\\Models\\User', 59),
(10, 'App\\Models\\User', 60),
(10, 'App\\Models\\User', 61),
(10, 'App\\Models\\User', 62);

-- --------------------------------------------------------

--
-- Table structure for table `permissions`
--

CREATE TABLE `permissions` (
  `id` bigint(20) UNSIGNED NOT NULL,
  `name` varchar(255) NOT NULL,
  `module_name` varchar(200) DEFAULT NULL,
  `guard_name` varchar(255) NOT NULL,
  `type` varchar(255) NOT NULL DEFAULT 'admin',
  `status` int(11) NOT NULL DEFAULT 1,
  `created_at` timestamp NULL DEFAULT NULL,
  `updated_at` timestamp NULL DEFAULT NULL
) ENGINE=InnoDB DEFAULT CHARSET=utf8mb4 COLLATE=utf8mb4_unicode_ci;

--
-- Dumping data for table `permissions`
--

INSERT INTO `permissions` (`id`, `name`, `module_name`, `guard_name`, `type`, `status`, `created_at`, `updated_at`) VALUES
(1, 'role-list', NULL, 'web', 'Role', 1, NULL, NULL),
(2, 'role-create', NULL, 'web', 'Role', 1, NULL, NULL),
(3, 'role-edit', NULL, 'web', 'Role', 1, NULL, NULL),
(4, 'role-delete', NULL, 'web', 'Role', 1, NULL, NULL),
(5, 'user-list', NULL, 'web', 'User', 1, NULL, NULL),
(6, 'user-create', NULL, 'web', 'User', 1, NULL, NULL),
(7, 'user-edit', NULL, 'web', 'User', 1, NULL, NULL),
(8, 'user-delete', NULL, 'web', 'User', 1, NULL, NULL),
(9, 'account-type-list', NULL, 'web', 'Accounts', 1, NULL, NULL),
(10, 'account-type-create', NULL, 'web', 'Accounts', 1, NULL, NULL),
(11, 'account-type-edit', NULL, 'web', 'Accounts', 1, NULL, NULL),
(12, 'account-type-delete', NULL, 'web', 'Accounts', 1, NULL, NULL),
(13, 'account-group-list', NULL, 'web', 'Accounts', 1, NULL, NULL),
(14, 'account-group-create', NULL, 'web', 'Accounts', 1, NULL, NULL),
(15, 'account-group-edit', NULL, 'web', 'Accounts', 1, NULL, NULL),
(16, 'account-group-delete', NULL, 'web', 'Accounts', 1, NULL, NULL),
(17, 'branch-list', NULL, 'web', 'Branch', 1, NULL, NULL),
(18, 'branch-create', NULL, 'web', 'Branch', 1, NULL, NULL),
(19, 'branch-edit', NULL, 'web', 'Branch', 1, NULL, NULL),
(20, 'branch-delete', NULL, 'web', 'Branch', 1, NULL, NULL),
(21, 'cost-center-list', NULL, 'web', 'Cost Center', 1, NULL, NULL),
(22, 'cost-center-create', NULL, 'web', 'Cost Center', 1, NULL, NULL),
(23, 'cost-center-edit', NULL, 'web', 'Cost Center', 1, NULL, NULL),
(24, 'cost-center-delete', NULL, 'web', 'Cost Center', 1, NULL, NULL),
(25, 'store-house-list', NULL, 'web', 'Store', 1, NULL, NULL),
(26, 'store-house-create', NULL, 'web', 'Store', 1, NULL, NULL),
(27, 'store-house-edit', NULL, 'web', 'Store', 1, NULL, NULL),
(28, 'store-house-delete', NULL, 'web', 'Store', 1, NULL, NULL),
(30, 'account-ledger-list', NULL, 'web', 'Accounts', 1, NULL, NULL),
(31, 'account-ledger-create', NULL, 'web', 'Accounts', 1, NULL, NULL),
(32, 'account-ledger-edit', NULL, 'web', 'Accounts', 1, NULL, NULL),
(33, 'account-ledger-delete', NULL, 'web', 'Accounts', 1, NULL, NULL),
(34, 'voucher-list', NULL, 'web', 'Voucher', 1, NULL, NULL),
(35, 'voucher-create', NULL, 'web', 'Voucher', 1, NULL, NULL),
(36, 'voucher-edit', NULL, 'web', 'Voucher', 1, NULL, NULL),
(37, 'voucher-delete', NULL, 'web', 'Voucher', 1, NULL, NULL),
(38, 'voucher-print', NULL, 'web', 'Voucher', 1, NULL, NULL),
(39, 'ledger-report', NULL, 'web', 'Accounts Report', 1, NULL, NULL),
(40, 'trail-balance', NULL, 'web', 'Accounts Report', 1, NULL, NULL),
(41, 'income-statement', NULL, 'web', 'Accounts Report', 1, NULL, NULL),
(42, 'balance-sheet', NULL, 'web', 'Accounts Report', 1, NULL, NULL),
(43, 'work-sheet', NULL, 'web', 'Accounts Report', 1, NULL, NULL),
(44, 'group-ledger', NULL, 'web', 'Accounts Report', 1, NULL, NULL),
(45, 'account-report-menu', NULL, 'web', 'Accounts Report', 1, NULL, NULL),
(46, 'income-statement-settings', NULL, 'web', 'Accounts Report', 1, NULL, NULL),
(47, 'inventory-menu', NULL, 'web', 'Inventory', 1, NULL, NULL),
(48, 'item-category-list', NULL, 'web', 'Inventory', 1, NULL, NULL),
(49, 'item-category-create', NULL, 'web', 'Inventory', 1, NULL, NULL),
(50, 'item-category-edit', NULL, 'web', 'Inventory', 1, NULL, NULL),
(51, 'item-category-delete', NULL, 'web', 'Inventory', 1, NULL, NULL),
(52, 'item-information-list', NULL, 'web', 'Inventory', 1, NULL, NULL),
(53, 'item-information-create', NULL, 'web', 'Inventory', 1, NULL, NULL),
(54, 'item-information-edit', NULL, 'web', 'Inventory', 1, NULL, NULL),
(55, 'item-information-delete', NULL, 'web', 'Inventory', 1, NULL, NULL),
(56, 'purchase-list', NULL, 'web', 'Purchase', 1, NULL, NULL),
(57, 'purchase-create', NULL, 'web', 'Purchase', 1, NULL, NULL),
(58, 'purchase-edit', NULL, 'web', 'Purchase', 1, NULL, NULL),
(59, 'purchase-delete', NULL, 'web', 'Purchase', 1, NULL, NULL),
(60, 'unit-list', NULL, 'web', 'Inventory', 1, NULL, NULL),
(61, 'unit-create', NULL, 'web', 'Inventory', 1, NULL, NULL),
(62, 'unit-edit', NULL, 'web', 'Inventory', 1, NULL, NULL),
(63, 'unit-delete', NULL, 'web', 'Inventory', 1, NULL, NULL),
(64, 'purchase-print', NULL, 'web', 'Purchase', 1, NULL, NULL),
(65, 'purchase-form-settings', NULL, 'web', 'Purchase', 1, NULL, NULL),
(66, 'purchase-return-form-settings', NULL, 'web', 'Purchase Return', 1, NULL, NULL),
(67, 'purchase-return-print', NULL, 'web', 'Purchase Return', 1, NULL, NULL),
(68, 'purchase-return-delete', NULL, 'web', 'Purchase Return', 1, NULL, NULL),
(69, 'purchase-return-edit', NULL, 'web', 'Purchase Return', 1, NULL, NULL),
(70, 'purchase-return-create', NULL, 'web', 'Purchase Return', 1, NULL, NULL),
(71, 'purchase-return-list', NULL, 'web', 'Purchase Return', 1, NULL, NULL),
(72, 'sales-list', NULL, 'web', 'Sales', 1, NULL, NULL),
(73, 'sales-create', NULL, 'web', 'Sales', 1, NULL, NULL),
(74, 'sales-edit', NULL, 'web', 'Sales', 1, NULL, NULL),
(75, 'sales-delete', NULL, 'web', 'Sales', 1, NULL, NULL),
(76, 'sales-print', NULL, 'web', 'Sales', 1, NULL, NULL),
(77, 'sales-form-settings', NULL, 'web', 'Sales', 1, NULL, NULL),
(78, 'sales-return-list', NULL, 'web', 'Sales Return', 1, NULL, NULL),
(79, 'sales-return-create', NULL, 'web', 'Sales Return', 1, NULL, NULL),
(80, 'sales-return-edit', NULL, 'web', 'Sales Return', 1, NULL, NULL),
(81, 'sales-return-delete', NULL, 'web', 'Sales Return', 1, NULL, NULL),
(82, 'sales-return-print', NULL, 'web', 'Sales Return', 1, NULL, NULL),
(83, 'sales-return-settings', NULL, 'web', 'Sales Return', 1, NULL, NULL),
(84, 'lot-item-information', NULL, 'web', 'Inventory', 1, NULL, NULL),
(85, 'bill-party-statement', NULL, 'web', 'Inventory Report', 1, NULL, NULL),
(86, 'date-wise-purchase', NULL, 'web', 'Inventory Report', 1, NULL, NULL),
(87, 'purchase-summary-statement', NULL, 'web', 'Inventory Report', 1, NULL, NULL),
(88, 'purchase-return-detail', NULL, 'web', 'Inventory Report', 1, NULL, NULL),
(89, 'sales-summary-statement', NULL, 'web', 'Inventory Report', 1, NULL, NULL),
(90, 'date-wise-sales', NULL, 'web', 'Inventory Report', 1, NULL, NULL),
(91, 'sales-return-detail', NULL, 'web', 'Inventory Report', 1, NULL, NULL),
(92, 'stock-possition', NULL, 'web', 'Inventory Report', 1, NULL, NULL),
(93, 'stock-ledger', NULL, 'web', 'Inventory Report', 1, NULL, NULL),
(94, 'stock-value', NULL, 'web', 'Inventory Report', 1, NULL, NULL),
(95, 'stock-value-register', NULL, 'web', 'Inventory Report', 1, NULL, NULL),
(96, 'gross-profit', NULL, 'web', 'Inventory Report', 1, NULL, NULL),
(97, 'expired-item', NULL, 'web', 'Inventory Report', 1, NULL, NULL),
(98, 'inventory-report', NULL, 'web', 'Inventory Report', 1, NULL, NULL),
(99, 'purchase-order-print', NULL, 'web', 'Purchase Order', 1, NULL, NULL),
(100, 'purchase-order-delete', NULL, 'web', 'Purchase Order', 1, NULL, NULL),
(101, 'purchase-order-edit', NULL, 'web', 'Purchase Order', 1, NULL, NULL),
(102, 'purchase-order-create', NULL, 'web', 'Purchase Order', 1, NULL, NULL),
(103, 'purchase-order-list', NULL, 'web', 'Purchase Order', 1, NULL, NULL),
(104, 'shortage-item', NULL, 'web', 'Inventory Report', 1, NULL, NULL),
(105, 'damage-list', NULL, 'web', 'Damage Adjustment', 1, NULL, NULL),
(106, 'damage-create', NULL, 'web', 'Damage Adjustment', 1, NULL, NULL),
(107, 'damage-edit', NULL, 'web', 'Damage Adjustment', 1, NULL, NULL),
(108, 'damage-delete', NULL, 'web', 'Damage Adjustment', 1, NULL, NULL),
(109, 'damage-print', NULL, 'web', 'Damage Adjustment', 1, NULL, NULL),
(110, 'damage-form-settings', NULL, 'web', 'Damage Adjustment', 1, NULL, NULL),
(111, 'item-sales-price-update', NULL, 'web', 'Inventory', 1, NULL, NULL),
(112, 'money-receipt-print', NULL, 'web', 'Voucher', 1, NULL, NULL),
(113, 'lock-permission', NULL, 'web', 'General Settings', 1, NULL, NULL),
(114, 'admin-settings', NULL, 'web', 'General Settings', 1, NULL, NULL),
(115, 'admin-settings-store', NULL, 'web', 'General Settings', 1, NULL, NULL),
(116, 'purchase-return-lock', NULL, 'web', 'Purchase Return', 1, NULL, NULL),
(117, 'voucher-lock', NULL, 'web', 'Voucher', 1, NULL, NULL),
(118, 'quick-link', NULL, 'web', 'Dashboard', 1, NULL, NULL),
(119, 'top-due-customer', NULL, 'web', 'Dashboard', 1, NULL, NULL),
(120, 'top-payable-supplier', NULL, 'web', 'Dashboard', 1, NULL, NULL),
(121, 'total-purchase', NULL, 'web', 'Dashboard', 1, NULL, NULL),
(122, 'total-sales', NULL, 'web', 'Dashboard', 1, NULL, NULL),
(123, 'total-purchase-return', NULL, 'web', 'Dashboard', 1, NULL, NULL),
(124, 'total-sales-return', NULL, 'web', 'Dashboard', 1, NULL, NULL),
(125, 'daily-sales-chart', NULL, 'web', 'Dashboard', 1, NULL, NULL),
(126, 'monthly-sales-chart', NULL, 'web', 'Dashboard', 1, NULL, NULL),
(127, 'daily-purchase-chart', NULL, 'web', 'Dashboard', 1, NULL, NULL),
(128, 'monthly-purchase-chart', NULL, 'web', 'Dashboard', 1, NULL, NULL),
(129, 'product-stock-alert', NULL, 'web', 'Dashboard', 1, NULL, NULL),
(130, 'stock-expiry-alert', NULL, 'web', 'Dashboard', 1, NULL, NULL),
(131, 'daily-sales-return-chart', NULL, 'web', 'Dashboard', 1, NULL, NULL),
(132, 'monthly-sales-return-chart', NULL, 'web', 'Dashboard', 1, NULL, NULL),
(133, 'monthly-purchase-return-chart', NULL, 'web', 'Dashboard', 1, NULL, NULL),
(134, 'daily-purchase-return-chart', NULL, 'web', 'Dashboard', 1, NULL, NULL),
(135, 'daily-damage-chart', NULL, 'web', 'Dashboard', 1, NULL, NULL),
(136, 'monthly-damage-chart', NULL, 'web', 'Dashboard', 1, NULL, NULL),
(137, 'money-payment-receipt', NULL, 'web', 'Voucher', 1, NULL, NULL),
(138, 'chart-of-account', NULL, 'web', 'Accounts Report', 1, NULL, NULL),
(139, 'warranty-list', NULL, 'web', 'Warranty', 1, NULL, NULL),
(140, 'warranty-create', NULL, 'web', 'Warranty', 1, NULL, NULL),
(141, 'warranty-edit', NULL, 'web', 'Warranty', 1, NULL, NULL),
(142, 'warranty-delete', NULL, 'web', 'Warranty', 1, NULL, NULL),
(143, 'ledger-summary-report', NULL, 'web', 'Accounts Report', 1, NULL, NULL),
(144, 'labels-print', NULL, 'web', 'Inventory', 1, NULL, NULL),
(145, 'barcode-history', NULL, 'web', 'Inventory', 1, NULL, NULL),
(146, 'user-wise-collection-report', NULL, 'web', 'Accounts Report', 1, NULL, NULL),
(147, 'user-wise-payment-report', NULL, 'web', 'Accounts Report', 1, NULL, NULL),
(148, 'account-menu', NULL, 'web', 'Accounts', 1, NULL, NULL),
(149, 'cash-receive', NULL, 'web', 'Accounts', 1, NULL, NULL),
(150, 'cash-payment', NULL, 'web', 'Accounts', 1, NULL, NULL),
(151, 'bank-payment', NULL, 'web', 'Accounts', 1, NULL, NULL),
(152, 'bank-receive', NULL, 'web', 'Accounts', 1, NULL, NULL),
(153, 'cash-book', NULL, 'web', 'Accounts Report', 1, NULL, NULL),
(154, 'bank-book', NULL, 'web', 'Accounts Report', 1, NULL, NULL),
(155, 'receipt-payment', NULL, 'web', 'Accounts Report', 1, NULL, NULL),
(156, 'user-wise-collection-payment', NULL, 'web', 'Advance Report', 1, NULL, NULL),
(157, 'sales-man-wise-sales', NULL, 'web', 'Advance Report', 1, NULL, NULL),
(158, 'delivery-man-sales', NULL, 'web', 'Advance Report', 1, NULL, NULL),
(159, 'delivery-man-sales-return', NULL, 'web', 'Advance Report', 1, NULL, NULL),
(160, 'sales-man-sales-return', NULL, 'web', 'Advance Report', 1, NULL, NULL),
(161, 'date-wise-invoice-print', NULL, 'web', 'Advance Report', 1, NULL, NULL),
(162, 'delivery-sales-invoice', NULL, 'web', 'Advance Report', 1, NULL, NULL),
(163, 'advance-report-menu', NULL, 'web', 'Advance Report', 1, NULL, NULL),
(164, 'day-book', NULL, 'web', 'Accounts Report', 1, NULL, NULL),
(165, 'transfer-list', NULL, 'web', 'Transfer', 1, NULL, NULL),
(166, 'transfer-create', NULL, 'web', 'Transfer', 1, NULL, NULL),
(167, 'transfer-edit', NULL, 'web', 'Transfer', 1, NULL, NULL),
(168, 'transfer-delete', NULL, 'web', 'Transfer', 1, NULL, NULL),
(169, 'production-settings', NULL, 'web', 'Production', 1, NULL, NULL),
(170, 'bulk-sms', NULL, 'web', 'General Settings', 1, NULL, NULL),
(171, 'sales-order-form-settings', NULL, 'web', 'Sales Order', 1, NULL, NULL),
(172, 'sales-order-print', NULL, 'web', 'Sales Order', 1, NULL, NULL),
(173, 'sales-order-delete', NULL, 'web', 'Sales Order', 1, NULL, NULL),
(174, 'sales-order-edit', NULL, 'web', 'Sales Order', 1, NULL, NULL),
(175, 'sales-order-create', NULL, 'web', 'Sales Order', 1, NULL, NULL),
(176, 'sales-order-list', NULL, 'web', 'Sales Order', 1, NULL, NULL),
(177, 'database-backup', NULL, 'web', 'General Settings', 1, NULL, NULL),
(178, 'production-list', NULL, 'web', 'Production', 1, NULL, NULL),
(179, 'production-create', NULL, 'web', 'Production', 1, NULL, NULL),
(180, 'production-edit', NULL, 'web', 'Production', 1, NULL, NULL),
(181, 'production-delete', NULL, 'web', 'Production', 1, NULL, NULL),
(182, 'transfer-settings', NULL, 'web', 'Transfer', 1, NULL, NULL),
(183, 'restaurant-module', NULL, 'web', 'Restaurant POS', 0, NULL, NULL),
(184, 'restaurant-sales-create', NULL, 'web', 'Restaurant POS', 0, NULL, NULL),
(185, 'restaurant-sales-edit', NULL, 'web', 'Restaurant POS', 0, NULL, NULL),
(186, 'restaurant-sales-delete', NULL, 'web', 'Restaurant POS', 0, NULL, NULL),
(187, 'restaurant-sales-list', NULL, 'web', 'Restaurant POS', 0, NULL, NULL),
(188, 'table-info-list', NULL, 'web', 'Restaurant Table', 0, NULL, NULL),
(189, 'table-info-delete', NULL, 'web', 'Restaurant Table', 0, NULL, NULL),
(190, 'table-info-edit', NULL, 'web', 'Restaurant Table', 0, NULL, NULL),
(191, 'table-info-create', NULL, 'web', 'Restaurant Table', 0, NULL, NULL),
(192, 'table-info-menu', NULL, 'web', 'Restaurant Table', 0, NULL, NULL),
(193, 'kitchen-menu', NULL, 'web', 'Restaurant Kitchen', 0, NULL, NULL),
(194, 'kitchen-create', NULL, 'web', 'Restaurant Kitchen', 0, NULL, NULL),
(195, 'kitchen-edit', NULL, 'web', 'Restaurant Kitchen', 0, NULL, NULL),
(196, 'kitchen-delete', NULL, 'web', 'Restaurant Kitchen', 0, NULL, NULL),
(197, 'kitchen-list', NULL, 'web', 'Restaurant Kitchen', 0, NULL, NULL),
(198, 'musak-four-point-three-menu', NULL, 'web', 'Restaurant Mushak 4.3', 0, NULL, NULL),
(199, 'musak-four-point-three-create', NULL, 'web', 'Restaurant Mushak 4.3', 0, NULL, NULL),
(200, 'musak-four-point-three-edit', NULL, 'web', 'Restaurant Mushak 4.3', 0, NULL, NULL),
(201, 'musak-four-point-three-delete', NULL, 'web', 'Restaurant Mushak 4.3', 0, NULL, NULL),
(202, 'musak-four-point-three-list', NULL, 'web', 'Restaurant Mushak 4.3', 0, NULL, NULL),
(203, 'restaurant-pos', NULL, 'web', 'Restaurant POS', 0, NULL, NULL),
(204, 'vat-rules-list', NULL, 'web', 'Vat Rules', 1, NULL, NULL),
(205, 'vat-rules-create', NULL, 'web', 'Vat Rules', 1, NULL, NULL),
(206, 'vat-rules-edit', NULL, 'web', 'Vat Rules', 1, NULL, NULL),
(207, 'vat-rules-delete', NULL, 'web', 'Vat Rules', 1, NULL, NULL),
(228, 'day-wise-summary-report', NULL, 'web', 'Restaurant Report', 1, NULL, NULL),
(229, 'item-sales-report', NULL, 'web', 'Restaurant Report', 1, NULL, NULL),
(230, 'detail-item-sales-report', NULL, 'web', 'Restaurant Report', 1, NULL, NULL),
(257, 'invoice-prefix', NULL, 'web', 'General Settings', 1, NULL, NULL),
(258, 'warranty-check', NULL, 'web', 'Warranty Management', 1, NULL, NULL),
(259, 'easy-voucher-list', NULL, 'web', 'Voucher', 1, NULL, NULL),
(260, 'easy-voucher-create', NULL, 'web', 'Voucher', 1, NULL, NULL),
(261, 'easy-voucher-edit', NULL, 'web', 'Voucher', 1, NULL, NULL),
(262, 'easy-voucher-delete', NULL, 'web', 'Voucher', 1, NULL, NULL),
(263, 'inter-project-voucher-delete', NULL, 'web', 'Voucher', 1, NULL, NULL),
(264, 'inter-project-voucher-edit', NULL, 'web', 'Voucher', 1, NULL, NULL),
(265, 'inter-project-voucher-create', NULL, 'web', 'Voucher', 1, NULL, NULL),
(266, 'inter-project-voucher-list', NULL, 'web', 'Voucher', 1, NULL, NULL),
(267, 'actual-sales-report', NULL, 'web', 'Inventory Report', 1, NULL, NULL),
(293, 'hrm-module', NULL, 'web', 'HRM', 1, NULL, NULL),
(294, 'week-work-day', NULL, 'web', 'HRM', 1, NULL, NULL),
(295, 'holidays-list', NULL, 'web', 'HRM', 1, NULL, NULL),
(296, 'holidays-create', NULL, 'web', 'HRM', 1, NULL, NULL),
(297, 'holidays-edit', NULL, 'web', 'HRM', 1, NULL, NULL),
(298, 'holidays-delete', NULL, 'web', 'HRM', 1, NULL, NULL),
(299, 'leave-type-delete', NULL, 'web', 'HRM', 1, NULL, NULL),
(300, 'leave-type-edit', NULL, 'web', 'HRM', 1, NULL, NULL),
(301, 'leave-type-create', NULL, 'web', 'HRM', 1, NULL, NULL),
(302, 'leave-type-list', NULL, 'web', 'HRM', 1, NULL, NULL),
(303, 'pay-heads-delete', NULL, 'web', 'HRM', 1, NULL, NULL),
(304, 'pay-heads-edit', NULL, 'web', 'HRM', 1, NULL, NULL),
(305, 'pay-heads-create', NULL, 'web', 'HRM', 1, NULL, NULL),
(306, 'pay-heads-list', NULL, 'web', 'HRM', 1, NULL, NULL),
(307, 'companies-delete', NULL, 'web', 'Company', 1, NULL, NULL),
(308, 'companies-edit', NULL, 'web', 'Company', 1, NULL, NULL),
(309, 'companies-create', NULL, 'web', 'Company', 1, NULL, NULL),
(310, 'companies-list', NULL, 'web', 'Company', 1, NULL, NULL),
(311, 'hrm-department-delete', NULL, 'web', 'Department', 1, NULL, NULL),
(312, 'hrm-department-edit', NULL, 'web', 'Department', 1, NULL, NULL),
(313, 'hrm-department-create', NULL, 'web', 'Department', 1, NULL, NULL),
(314, 'hrm-department-list', NULL, 'web', 'Department', 1, NULL, NULL),
(315, 'hrm-grade-delete', NULL, 'web', 'HRM-Grade', 1, NULL, NULL),
(316, 'hrm-grade-edit', NULL, 'web', 'HRM-Grade', 1, NULL, NULL),
(317, 'hrm-grade-create', NULL, 'web', 'HRM-Grade', 1, NULL, NULL),
(318, 'hrm-grade-list', NULL, 'web', 'HRM-Grade', 1, NULL, NULL),
(319, 'budget-list', NULL, 'web', 'Budget', 1, NULL, NULL),
(320, 'budget-create', NULL, 'web', 'Budget', 1, NULL, NULL),
(321, 'budget-edit', NULL, 'web', 'Budget', 1, NULL, NULL),
(322, 'budget-delete', NULL, 'web', 'Budget', 1, NULL, NULL),
(323, 'budgets-list', NULL, 'web', 'Budgets', 1, NULL, NULL),
(324, 'budgets-create', NULL, 'web', 'Budgets', 1, NULL, NULL),
(325, 'budgets-edit', NULL, 'web', 'Budgets', 1, NULL, NULL),
(326, 'budgets-delete', NULL, 'web', 'Budgets', 1, NULL, NULL),
(327, 'cost-center-authorization-chain', NULL, 'web', 'Cost Center', 1, NULL, NULL),
(328, 'hrm-emp-category-list', NULL, 'web', 'Employee Category', 1, NULL, NULL),
(329, 'hrm-emp-category-create', NULL, 'web', 'Employee Category', 1, NULL, NULL),
(330, 'hrm-emp-category-edit', NULL, 'web', 'Employee Category', 1, NULL, NULL),
(331, 'hrm-emp-category-delete', NULL, 'web', 'Employee Category', 1, NULL, NULL),
(332, 'hrm-emp-location-list', NULL, 'web', 'Employee Location', 1, NULL, NULL),
(333, 'hrm-emp-location-create', NULL, 'web', 'Employee Location', 1, NULL, NULL),
(334, 'hrm-emp-location-edit', NULL, 'web', 'Employee Location', 1, NULL, NULL),
(335, 'hrm-emp-location-delete', NULL, 'web', 'Employee Location', 1, NULL, NULL),
(336, 'hrm-employee-list', NULL, 'web', 'Employee', 1, NULL, NULL),
(337, 'hrm-employee-create', NULL, 'web', 'Employee', 1, NULL, NULL),
(338, 'hrm-employee-edit', NULL, 'web', 'Employee', 1, NULL, NULL),
(339, 'hrm-employee-delete', NULL, 'web', 'Employee', 1, NULL, NULL),
(340, 'hrm-designation-list', NULL, 'web', 'Designation', 1, NULL, NULL),
(341, 'hrm-designation-create', NULL, 'web', 'Designation', 1, NULL, NULL),
(342, 'hrm-designation-edit', NULL, 'web', 'Designation', 1, NULL, NULL),
(343, 'hrm-designation-delete', NULL, 'web', 'Designation', 1, NULL, NULL),
(344, 'initial-salary-structure-list', NULL, 'web', 'HRM', 1, NULL, NULL),
(345, 'initial-salary-structure-create', NULL, 'web', 'HRM', 1, NULL, NULL),
(346, 'initial-salary-structure-edit', NULL, 'web', 'HRM', 1, NULL, NULL),
(347, 'initial-salary-structure-delete', NULL, 'web', 'HRM', 1, NULL, NULL),
(348, 'hrm-attandance-list', NULL, 'web', 'HRM', 1, NULL, NULL),
(349, 'hrm-attandance-create', NULL, 'web', 'HRM', 1, NULL, NULL),
(350, 'hrm-attandance-edit', NULL, 'web', 'HRM', 1, NULL, NULL),
(351, 'hrm-attandance-delete', NULL, 'web', 'HRM', 1, NULL, NULL),
(352, 'monthly-salary-structure-list', NULL, 'web', 'HRM', 1, NULL, NULL),
(353, 'monthly-salary-structure-create', NULL, 'web', 'HRM', 1, NULL, NULL),
(354, 'monthly-salary-structure-edit', NULL, 'web', 'HRM', 1, NULL, NULL),
(355, 'monthly-salary-structure-delete', NULL, 'web', 'HRM', 1, NULL, NULL),
(356, 'documents-list', NULL, 'web', 'Documents', 1, NULL, NULL),
(357, 'documents-create', NULL, 'web', 'Documents', 1, NULL, NULL),
(358, 'documents-edit', NULL, 'web', 'Documents', 1, NULL, NULL),
(359, 'documents-delete', NULL, 'web', 'Documents', 1, NULL, NULL),
(360, 'petty-cash', NULL, 'web', 'Accounts', 1, NULL, NULL),
(361, 'budget-compare', NULL, 'web', 'Budget', 1, NULL, NULL),
(362, 'material-issue-list', NULL, 'web', 'Material Issue', 1, NULL, NULL),
(363, 'material-issue-create', NULL, 'web', 'Material Issue', 1, NULL, NULL),
(364, 'material-issue-edit', NULL, 'web', 'Material Issue', 1, NULL, NULL),
(365, 'material-issue-delete', NULL, 'web', 'Material Issue', 1, NULL, NULL),
(366, 'material-issue-return-list', NULL, 'web', 'Issued Material Return', 1, NULL, NULL),
(367, 'material-issue-return-create', NULL, 'web', 'Issued Material Return', 1, NULL, NULL),
(368, 'material-issue-return-edit', NULL, 'web', 'Issued Material Return', 1, NULL, NULL),
(369, 'material-issue-return-delete', NULL, 'web', 'Issued Material Return', 1, NULL, NULL),
(370, 'material-issue-form-settings', NULL, 'web', 'Material Issue', 1, NULL, NULL),
(371, 'material-issue-return-print', NULL, 'web', 'Issued Material Return', 1, NULL, NULL),
(372, 'stock-balance', NULL, 'web', 'Inventory Report', 1, NULL, NULL),
(373, 'restaurant-sales-form-settings', NULL, 'web', 'Restaurant POS', 0, NULL, NULL),
(374, 'category-wise-item-list', NULL, 'web', 'Accounts Report', 1, NULL, NULL),
(375, 'partical-production-receive', NULL, 'web', 'Production', 1, NULL, NULL),
(376, 'finished_goods_receive_to_stock', NULL, 'web', 'Production', 1, NULL, NULL),
(377, 'production-print', NULL, 'web', 'Production', 1, NULL, NULL),
(378, 'partical-production-receive-edit', NULL, 'web', 'Production', 1, NULL, NULL),
(379, 'opening-inventory-entry', NULL, 'web', 'Purchase', 1, NULL, NULL),
(380, 'pack-size-list', NULL, 'web', 'Pack Size', 1, NULL, NULL),
(381, 'pack-size-create', NULL, 'web', 'Pack Size', 1, NULL, NULL),
(382, 'pack-size-edit', NULL, 'web', 'Pack Size', 1, NULL, NULL),
(383, 'pack-size-delete', NULL, 'web', 'Pack Size', 1, NULL, NULL),
(384, 'item-brand-list', NULL, 'web', 'Item Brand', 1, NULL, NULL),
(385, 'item-brand-create', NULL, 'web', 'Item Brand', 1, NULL, NULL),
(386, 'item-brand-edit', NULL, 'web', 'Item Brand', 1, NULL, NULL),
(387, 'item-brand-delete', NULL, 'web', 'Item Brand', 1, NULL, NULL),
(388, 'item-brand-print', NULL, 'web', 'Item Brand', 1, NULL, NULL),
(389, 'approval-chain-list', 'RLP Module', 'web', 'RLP Chain', 1, NULL, NULL),
(390, 'approval-chain-create', 'RLP Module', 'web', 'RLP Chain', 1, NULL, NULL),
(391, 'approval-chain-edit', 'RLP Module', 'web', 'RLP Chain', 1, NULL, NULL),
(392, 'approval-chain-delete', 'RLP Module', 'web', 'RLP Chain', 1, NULL, NULL),
(393, 'rlp-module', 'RLP Module', 'web', 'RLP', 1, NULL, NULL),
(394, 'rlp-delete', 'RLP Module', 'web', 'RLP', 1, NULL, NULL),
(395, 'rlp-edit', 'RLP Module', 'web', 'RLP', 1, NULL, NULL),
(396, 'rlp-create', 'RLP Module', 'web', 'RLP', 1, NULL, NULL),
(397, 'rlp-list', 'RLP Module', 'web', 'RLP', 1, NULL, NULL),
(398, 'user-profile-update', 'General Settings', 'web', 'General Settings', 1, NULL, NULL),
(399, 'notesheet-list', 'Procurement', 'web', 'Notesheet', 1, NULL, NULL),
(400, 'notesheet-create', 'Procurement', 'web', 'Notesheet', 1, NULL, NULL),
(401, 'notesheet-edit', 'Procurement', 'web', 'Notesheet', 1, NULL, NULL),
(402, 'notesheet-delete', 'Procurement', 'web', 'Notesheet', 1, NULL, NULL),
(403, 'rlp-to-notesheet', 'Procurement', 'web', 'Notesheet', 1, NULL, NULL),
(404, 'rlp-to-notesheet', 'RLP', 'web', 'Notesheet', 1, NULL, NULL),
(405, 'quaterly_insentive_setups-list', 'Incentive', 'web', 'Incentive', 1, NULL, NULL),
(406, 'quaterly_insentive_setups-create', 'Incentive', 'web', 'Incentive', 1, NULL, NULL),
(407, 'quaterly_insentive_setups-edit', 'Incentive', 'web', 'Incentive', 1, NULL, NULL),
(408, 'quaterly_insentive_setups-delete', 'Incentive', 'web', 'Incentive', 1, NULL, NULL),
(409, 'monthly_sales_targets-list', 'Sales Traget', 'web', 'Sales', 1, NULL, NULL),
(410, 'monthly_sales_targets-create', 'Sales Target', 'web', 'Sales', 1, NULL, NULL),
(411, 'monthly_sales_targets-edit', 'Sales Target', 'web', 'Sales', 1, NULL, NULL),
(412, 'monthly_sales_targets-delete', 'Sales Target', 'web', 'Sales', 1, NULL, NULL),
(413, 'monthly_sales_targets-show', 'Sales Traget', 'web', 'Sales', 1, NULL, NULL),
(414, 'item_bonus_setups-show', 'Bonus/Free Item', 'web', 'Sales', 1, NULL, NULL),
(415, 'item_bonus_setups-delete', 'Bonus/Free Item', 'web', 'Sales', 1, NULL, NULL),
(416, 'item_bonus_setups-edit', 'Bonus/Free Item', 'web', 'Sales', 1, NULL, NULL),
(417, 'item_bonus_setups-create', 'Bonus/Free Item', 'web', 'Sales', 1, NULL, NULL),
(418, 'item_bonus_setups-list', 'Bonus/Free Item', 'web', 'Sales', 1, NULL, NULL),
(419, 'zones-list', 'zones', 'web', 'zones', 1, NULL, NULL),
(420, 'zones-create', 'zones', 'web', 'zones', 1, NULL, NULL),
(421, 'zones-edit', 'zones', 'web', 'zones', 1, NULL, NULL),
(422, 'zones-delete', 'zones', 'web', 'zones', 1, NULL, NULL);

-- --------------------------------------------------------

--
-- Table structure for table `roles`
--

CREATE TABLE `roles` (
  `id` bigint(20) UNSIGNED NOT NULL,
  `name` varchar(255) NOT NULL,
  `guard_name` varchar(255) NOT NULL,
  `type` varchar(255) NOT NULL DEFAULT 'admin',
  `created_at` timestamp NULL DEFAULT NULL,
  `updated_at` timestamp NULL DEFAULT NULL
) ENGINE=InnoDB DEFAULT CHARSET=utf8mb4 COLLATE=utf8mb4_unicode_ci;

--
-- Dumping data for table `roles`
--

INSERT INTO `roles` (`id`, `name`, `guard_name`, `type`, `created_at`, `updated_at`) VALUES
(1, 'Admin', 'web', 'admin', '2021-05-29 05:33:16', '2021-05-29 05:33:16'),
(3, 'Manager', 'web', 'admin', '2021-06-04 05:59:56', '2022-02-01 01:53:05'),
(5, 'Accountant', 'web', 'admin', '2021-06-04 05:59:56', '2022-04-22 10:17:31'),
(6, 'Accounting Manager', 'web', 'visitor', '2022-06-08 12:09:38', '2022-06-08 12:09:38'),
(7, 'Admin Manager', 'web', 'visitor', '2022-06-08 14:03:45', '2022-06-08 14:03:45'),
(10, 'user', 'web', 'visitor', '2024-03-14 20:07:53', '2024-03-14 20:07:53');

-- --------------------------------------------------------

--
-- Table structure for table `role_has_permissions`
--

CREATE TABLE `role_has_permissions` (
  `permission_id` bigint(20) UNSIGNED NOT NULL,
  `role_id` bigint(20) UNSIGNED NOT NULL
) ENGINE=InnoDB DEFAULT CHARSET=utf8mb4 COLLATE=utf8mb4_unicode_ci;

--
-- Dumping data for table `role_has_permissions`
--

INSERT INTO `role_has_permissions` (`permission_id`, `role_id`) VALUES
(1, 1),
(1, 5),
(1, 6),
(1, 7),
(2, 1),
(2, 5),
(3, 1),
(3, 5),
(4, 1),
(4, 5),
(5, 1),
(5, 5),
(5, 6),
(5, 7),
(6, 1),
(6, 5),
(6, 7),
(7, 1),
(7, 5),
(7, 7),
(8, 1),
(8, 5),
(9, 1),
(9, 5),
(9, 6),
(9, 7),
(10, 1),
(10, 5),
(10, 6),
(10, 7),
(11, 1),
(11, 5),
(11, 6),
(11, 7),
(12, 1),
(12, 5),
(13, 1),
(13, 3),
(13, 5),
(13, 6),
(13, 7),
(14, 1),
(14, 5),
(14, 6),
(14, 7),
(15, 1),
(15, 5),
(15, 6),
(15, 7),
(16, 1),
(16, 5),
(17, 1),
(17, 5),
(17, 6),
(17, 7),
(18, 1),
(18, 5),
(18, 6),
(18, 7),
(19, 1),
(19, 5),
(19, 6),
(19, 7),
(20, 1),
(20, 5),
(21, 1),
(21, 5),
(21, 6),
(21, 7),
(22, 1),
(22, 5),
(22, 6),
(22, 7),
(23, 1),
(23, 5),
(23, 6),
(23, 7),
(24, 1),
(24, 5),
(25, 1),
(25, 6),
(25, 7),
(26, 1),
(26, 6),
(26, 7),
(27, 1),
(27, 6),
(27, 7),
(28, 1),
(30, 1),
(30, 3),
(30, 5),
(30, 6),
(30, 7),
(31, 1),
(31, 3),
(31, 5),
(31, 6),
(31, 7),
(32, 1),
(32, 3),
(32, 5),
(32, 6),
(32, 7),
(33, 1),
(33, 5),
(34, 1),
(34, 3),
(34, 5),
(34, 6),
(34, 7),
(35, 1),
(35, 3),
(35, 5),
(35, 6),
(35, 7),
(36, 1),
(36, 5),
(36, 6),
(36, 7),
(37, 1),
(37, 5),
(38, 1),
(38, 3),
(38, 5),
(38, 6),
(38, 7),
(39, 1),
(39, 3),
(39, 5),
(39, 6),
(39, 7),
(40, 1),
(40, 5),
(40, 6),
(40, 7),
(41, 1),
(41, 5),
(41, 6),
(41, 7),
(42, 1),
(42, 5),
(42, 6),
(42, 7),
(43, 1),
(43, 5),
(43, 6),
(43, 7),
(44, 1),
(44, 3),
(44, 5),
(44, 6),
(44, 7),
(45, 1),
(45, 3),
(45, 5),
(45, 6),
(45, 7),
(46, 1),
(46, 5),
(46, 6),
(46, 7),
(47, 1),
(47, 3),
(47, 5),
(47, 6),
(47, 7),
(48, 1),
(48, 3),
(48, 5),
(48, 6),
(48, 7),
(49, 1),
(49, 3),
(49, 5),
(49, 6),
(49, 7),
(50, 1),
(50, 3),
(50, 5),
(50, 6),
(50, 7),
(51, 1),
(51, 5),
(52, 1),
(52, 3),
(52, 5),
(52, 6),
(52, 7),
(53, 1),
(53, 3),
(53, 5),
(53, 6),
(53, 7),
(54, 1),
(54, 3),
(54, 5),
(54, 6),
(54, 7),
(55, 1),
(55, 5),
(56, 1),
(56, 3),
(56, 5),
(56, 6),
(56, 7),
(57, 1),
(57, 3),
(57, 5),
(57, 6),
(57, 7),
(58, 1),
(58, 3),
(58, 5),
(58, 6),
(58, 7),
(59, 1),
(59, 3),
(59, 5),
(60, 1),
(60, 3),
(60, 5),
(60, 6),
(60, 7),
(61, 1),
(61, 3),
(61, 5),
(61, 6),
(61, 7),
(62, 1),
(62, 3),
(62, 5),
(62, 6),
(62, 7),
(63, 1),
(63, 5),
(64, 1),
(64, 3),
(64, 5),
(64, 6),
(64, 7),
(65, 1),
(65, 3),
(65, 5),
(65, 6),
(65, 7),
(66, 1),
(66, 3),
(66, 5),
(66, 6),
(66, 7),
(67, 1),
(67, 3),
(67, 5),
(67, 6),
(67, 7),
(68, 1),
(68, 3),
(68, 5),
(69, 1),
(69, 3),
(69, 5),
(69, 6),
(69, 7),
(70, 1),
(70, 3),
(70, 5),
(70, 6),
(70, 7),
(71, 1),
(71, 3),
(71, 5),
(71, 6),
(71, 7),
(72, 1),
(72, 3),
(72, 6),
(72, 7),
(73, 1),
(73, 3),
(73, 6),
(73, 7),
(74, 1),
(74, 6),
(74, 7),
(75, 1),
(76, 1),
(76, 3),
(76, 6),
(76, 7),
(77, 1),
(77, 3),
(77, 6),
(77, 7),
(78, 1),
(78, 3),
(78, 6),
(78, 7),
(79, 1),
(79, 3),
(79, 6),
(79, 7),
(80, 1),
(80, 6),
(80, 7),
(81, 1),
(82, 1),
(82, 3),
(82, 6),
(82, 7),
(83, 1),
(83, 3),
(83, 6),
(83, 7),
(84, 1),
(84, 3),
(84, 5),
(84, 6),
(84, 7),
(85, 1),
(85, 3),
(85, 5),
(85, 6),
(85, 7),
(86, 1),
(86, 3),
(86, 5),
(86, 6),
(86, 7),
(87, 1),
(87, 3),
(87, 5),
(87, 6),
(87, 7),
(88, 1),
(88, 3),
(88, 5),
(88, 6),
(88, 7),
(89, 1),
(89, 3),
(89, 5),
(89, 6),
(89, 7),
(90, 1),
(90, 3),
(90, 5),
(90, 6),
(90, 7),
(91, 1),
(91, 3),
(91, 5),
(91, 6),
(91, 7),
(92, 1),
(92, 3),
(92, 5),
(92, 6),
(92, 7),
(93, 1),
(93, 3),
(93, 5),
(93, 6),
(93, 7),
(94, 1),
(94, 3),
(94, 5),
(94, 6),
(94, 7),
(95, 1),
(95, 3),
(95, 5),
(95, 6),
(95, 7),
(96, 1),
(96, 5),
(96, 6),
(96, 7),
(97, 1),
(97, 3),
(97, 5),
(97, 6),
(97, 7),
(98, 1),
(98, 3),
(98, 5),
(98, 6),
(98, 7),
(99, 1),
(99, 3),
(99, 5),
(99, 6),
(99, 7),
(100, 1),
(100, 3),
(100, 5),
(100, 6),
(101, 1),
(101, 3),
(101, 5),
(101, 6),
(101, 7),
(102, 1),
(102, 3),
(102, 5),
(102, 6),
(102, 7),
(103, 1),
(103, 3),
(103, 5),
(103, 6),
(103, 7),
(104, 1),
(104, 3),
(104, 5),
(104, 6),
(104, 7),
(105, 1),
(105, 5),
(105, 6),
(105, 7),
(106, 1),
(106, 5),
(106, 6),
(106, 7),
(107, 1),
(107, 5),
(107, 6),
(107, 7),
(108, 1),
(109, 1),
(109, 5),
(109, 6),
(109, 7),
(110, 1),
(110, 5),
(110, 6),
(110, 7),
(111, 1),
(111, 5),
(111, 6),
(111, 7),
(112, 1),
(112, 3),
(112, 5),
(112, 6),
(112, 7),
(113, 1),
(113, 5),
(114, 1),
(114, 5),
(115, 1),
(115, 5),
(116, 1),
(116, 3),
(116, 5),
(117, 1),
(117, 5),
(118, 1),
(118, 3),
(118, 5),
(118, 6),
(118, 7),
(119, 1),
(119, 3),
(119, 5),
(119, 6),
(119, 7),
(120, 1),
(120, 3),
(120, 5),
(120, 6),
(120, 7),
(121, 1),
(121, 5),
(121, 6),
(121, 7),
(122, 1),
(122, 5),
(122, 6),
(122, 7),
(123, 1),
(123, 5),
(123, 6),
(123, 7),
(124, 1),
(124, 5),
(124, 6),
(124, 7),
(125, 1),
(125, 3),
(125, 5),
(125, 6),
(125, 7),
(126, 1),
(126, 5),
(126, 6),
(126, 7),
(127, 1),
(127, 3),
(127, 5),
(127, 6),
(127, 7),
(128, 1),
(128, 5),
(128, 6),
(128, 7),
(129, 1),
(129, 5),
(129, 6),
(129, 7),
(130, 1),
(130, 5),
(130, 6),
(130, 7),
(131, 1),
(131, 5),
(131, 6),
(131, 7),
(132, 1),
(132, 5),
(132, 6),
(132, 7),
(133, 1),
(133, 5),
(133, 6),
(133, 7),
(134, 1),
(134, 5),
(134, 6),
(134, 7),
(135, 1),
(135, 5),
(135, 6),
(135, 7),
(136, 1),
(136, 5),
(136, 6),
(136, 7),
(137, 1),
(137, 3),
(137, 5),
(137, 6),
(137, 7),
(138, 1),
(138, 5),
(139, 1),
(140, 1),
(141, 1),
(142, 1),
(143, 1),
(143, 3),
(143, 5),
(144, 1),
(144, 3),
(144, 5),
(145, 1),
(145, 5),
(146, 1),
(146, 5),
(147, 1),
(147, 5),
(148, 1),
(148, 3),
(148, 5),
(149, 1),
(149, 3),
(149, 5),
(150, 1),
(150, 3),
(150, 5),
(151, 1),
(151, 3),
(151, 5),
(152, 1),
(152, 3),
(152, 5),
(153, 1),
(153, 3),
(153, 5),
(154, 1),
(154, 3),
(154, 5),
(155, 1),
(155, 3),
(155, 5),
(156, 1),
(156, 3),
(156, 5),
(157, 1),
(157, 5),
(158, 1),
(158, 5),
(159, 1),
(159, 5),
(160, 1),
(160, 5),
(161, 1),
(161, 5),
(162, 1),
(162, 5),
(163, 1),
(163, 5),
(164, 1),
(164, 3),
(164, 5),
(165, 1),
(166, 1),
(167, 1),
(168, 1),
(169, 1),
(169, 5),
(170, 1),
(170, 5),
(171, 1),
(172, 1),
(173, 1),
(174, 1),
(175, 1),
(176, 1),
(177, 1),
(177, 5),
(178, 1),
(178, 5),
(179, 1),
(179, 5),
(180, 1),
(180, 5),
(181, 1),
(181, 5),
(182, 1),
(193, 5),
(194, 5),
(195, 5),
(196, 5),
(197, 5),
(204, 1),
(205, 1),
(206, 1),
(207, 1),
(214, 5),
(215, 5),
(216, 5),
(217, 5),
(228, 1),
(229, 1),
(230, 1),
(236, 5),
(237, 5),
(238, 5),
(239, 5),
(240, 5),
(241, 5),
(242, 5),
(250, 5),
(251, 5),
(252, 5),
(253, 5),
(254, 5),
(255, 5),
(256, 5),
(257, 1),
(257, 5),
(258, 1),
(259, 1),
(259, 3),
(260, 1),
(260, 3),
(261, 1),
(261, 3),
(262, 1),
(263, 1),
(264, 1),
(265, 1),
(266, 1),
(267, 1),
(267, 3),
(267, 5),
(293, 1),
(294, 1),
(295, 1),
(296, 1),
(297, 1),
(298, 1),
(299, 1),
(300, 1),
(301, 1),
(302, 1),
(303, 1),
(304, 1),
(305, 1),
(306, 1),
(307, 1),
(308, 1),
(309, 1),
(310, 1),
(311, 1),
(312, 1),
(313, 1),
(314, 1),
(315, 1),
(316, 1),
(317, 1),
(318, 1),
(319, 1),
(320, 1),
(321, 1),
(322, 1),
(323, 1),
(324, 1),
(325, 1),
(326, 1),
(327, 1),
(328, 1),
(329, 1),
(330, 1),
(331, 1),
(332, 1),
(333, 1),
(334, 1),
(335, 1),
(336, 1),
(337, 1),
(338, 1),
(339, 1),
(340, 1),
(341, 1),
(342, 1),
(343, 1),
(344, 1),
(345, 1),
(346, 1),
(347, 1),
(348, 1),
(349, 1),
(350, 1),
(351, 1),
(352, 1),
(353, 1),
(354, 1),
(355, 1),
(356, 1),
(357, 1),
(358, 1),
(359, 1),
(360, 1),
(361, 1),
(362, 1),
(363, 1),
(364, 1),
(365, 1),
(366, 1),
(367, 1),
(368, 1),
(369, 1),
(370, 1),
(371, 1),
(372, 1),
(374, 1),
(375, 1),
(376, 1),
(377, 1),
(378, 1),
(379, 1),
(380, 1),
(381, 1),
(382, 1),
(383, 1),
(384, 1),
(385, 1),
(386, 1),
(387, 1),
(388, 1),
(389, 1),
(390, 1),
(391, 1),
(392, 1),
(393, 1),
(394, 1),
(395, 1),
(396, 1),
(397, 1),
(398, 1),
(398, 10),
(399, 1),
(400, 1),
(401, 1),
(402, 1),
(403, 1),
(404, 1),
(405, 1),
(406, 1),
(407, 1),
(408, 1),
(409, 1),
(410, 1),
(411, 1),
(412, 1),
(413, 1),
(414, 1),
(415, 1),
(416, 1),
(417, 1),
(418, 1),
(419, 1),
(420, 1),
(421, 1),
(422, 1);

-- --------------------------------------------------------

--
-- Table structure for table `store_houses`
--

CREATE TABLE `store_houses` (
  `id` bigint(20) UNSIGNED NOT NULL,
  `_name` varchar(255) NOT NULL,
  `_code` varchar(255) NOT NULL,
  `_branch_id` int(11) DEFAULT NULL,
  `_status` int(11) NOT NULL DEFAULT 1,
  `created_at` timestamp NULL DEFAULT NULL,
  `updated_at` timestamp NULL DEFAULT NULL
) ENGINE=InnoDB DEFAULT CHARSET=utf8mb4 COLLATE=utf8mb4_unicode_ci;

--
-- Dumping data for table `store_houses`
--

INSERT INTO `store_houses` (`id`, `_name`, `_code`, `_branch_id`, `_status`, `created_at`, `updated_at`) VALUES
(1, 'Factory Warehouse', 'MW', 1, 1, '2023-10-11 12:35:56', '2024-02-21 05:30:54'),
(2, 'Second Store HOuse', 's', 2, 1, '2024-03-11 05:08:24', '2024-03-11 05:08:24');

-- --------------------------------------------------------

--
-- Table structure for table `users`
--

CREATE TABLE `users` (
  `id` bigint(20) UNSIGNED NOT NULL,
  `name` varchar(255) NOT NULL,
  `user_name` varchar(150) DEFAULT NULL,
  `email` varchar(255) NOT NULL,
  `image` varchar(255) DEFAULT NULL,
  `user_type` varchar(50) NOT NULL DEFAULT 'visitor' COMMENT 'admin,user,visitor,applicant',
  `organization_ids` varchar(200) DEFAULT NULL,
  `branch_ids` varchar(255) DEFAULT '0',
  `cost_center_ids` varchar(255) DEFAULT '0',
  `store_ids` varchar(255) DEFAULT NULL,
  `ref_id` int(11) DEFAULT 0 COMMENT 'Admin,Hospital,Hospital User,Patient',
  `email_verified_at` timestamp NULL DEFAULT NULL,
  `password` varchar(255) NOT NULL,
  `status` int(11) NOT NULL DEFAULT 1,
  `_ac_type` tinyint(4) NOT NULL DEFAULT 0,
  `remember_token` varchar(100) DEFAULT NULL,
  `_is_delete` tinyint(4) NOT NULL DEFAULT 0,
  `created_at` timestamp NULL DEFAULT NULL,
  `updated_at` timestamp NULL DEFAULT NULL
) ENGINE=InnoDB DEFAULT CHARSET=utf8mb4 COLLATE=utf8mb4_unicode_ci;

--
-- Dumping data for table `users`
--

INSERT INTO `users` (`id`, `name`, `user_name`, `email`, `image`, `user_type`, `organization_ids`, `branch_ids`, `cost_center_ids`, `store_ids`, `ref_id`, `email_verified_at`, `password`, `status`, `_ac_type`, `remember_token`, `_is_delete`, `created_at`, `updated_at`) VALUES
(2, 'user1', NULL, 'user1@gmail.com', NULL, 'admin', '1', '1', '1', '1', NULL, NULL, '$2y$10$T2xXaYPZI8Tz06Gv7xMbEeHhidvMi.a1g8ITb5bV0tN9JH0zoiEOy', 1, 1, NULL, 0, '2021-05-29 11:35:46', '2024-03-05 20:08:10'),
(46, 'admin', 'admin', 'admin@admin.com', 'images/0122202423423365aea9094c35e.png', 'admin', '1', '1,2', '2,1', '1,2', 0, NULL, '$2y$10$O8.hW/aX71vhYPDLVD/R1.rj2M7pMZcTrDCW/yb2eXI5nuIWPruym', 1, 0, NULL, 0, '2022-03-04 14:08:25', '2024-03-11 05:09:06'),
(47, 'user3', NULL, 'user3@gmail.com', NULL, 'admin', '1', '1', '1', '1', 0, NULL, '$2y$10$IIkdRhFbY5NlHynwG4bJfOedZtw..6EP5Q2KlfoH/4L6meJ8nPZzG', 1, 0, NULL, 0, '2022-05-24 11:15:41', '2024-03-05 20:08:41'),
(49, 'user6', NULL, 'user6@gmail.com', NULL, 'admin', '1', '1', '1', '1', 0, NULL, '$2y$10$SX9XqyHsm2H7xY5Ilgx4z.pBr/EU5bWqjvyzIsElZTlp9NBAUeD0i', 1, 1, NULL, 0, '2022-06-08 14:05:17', '2024-03-05 20:09:24'),
(51, 'M ALI', NULL, 'mali@gmail.com', NULL, 'admin', '1', '1', '1', '1', 0, NULL, '$2y$10$f1BWOfrK0/m1oEW6WR3wgePPhoFYBNmQ95.eFlphXQ8ixQObUWeam', 1, 1, NULL, 0, '2023-09-24 05:32:26', '2023-12-13 06:10:40'),
(52, 'user5', NULL, 'user5@gmail.com', NULL, 'visitor', '1', '1', '1', '1', 0, NULL, '$2y$10$Pd3RY9LDykcfJBIepManteg0qWRi/QtH0KWrrvye8KgcZoPZDtV1.', 1, 1, NULL, 0, '2023-10-12 04:55:45', '2024-03-05 20:09:08'),
(53, 'user4', NULL, 'user4@gmail.com', NULL, 'visitor', '1', '1', '1', '1', 0, NULL, '$2y$10$2HIPpLtk0EW8ywiJPR3TR.6V9Mfh59c1SSf6ug6oX/7S5uVvkFfyy', 1, 1, NULL, 0, '2023-10-12 04:58:42', '2024-03-05 20:08:56'),
(54, 'user2', NULL, 'user2@gmail.com', NULL, 'visitor', '1', '1', '1', '1', 0, NULL, '$2y$10$nwzFQ0R7zC7ur1pD0JkNFeYhBZWo2aFaUPXwfAKUcav9GO.WxYbG2', 1, 0, NULL, 0, '2023-10-13 11:40:58', '2024-03-05 20:08:27'),
(55, 'Emp one', 'BLC-000013', 'empone@gmail.com', NULL, 'user', '1', '1', '1', NULL, 119, NULL, '', 1, 0, NULL, 0, '2024-03-14 20:06:50', '2024-03-14 20:06:50'),
(56, 'Emp two', 'BLC-000014', 'emptwo@gmail.com', NULL, 'user', '1', '1', '1', NULL, 120, NULL, '', 1, 0, NULL, 0, '2024-03-14 20:08:40', '2024-03-14 20:08:40'),
(57, 'Emon Imtiaj', 'BLC-000015', 'emon@gmail.com', NULL, 'user', '1', '1', '1', NULL, 121, NULL, '', 1, 0, NULL, 0, '2024-03-14 20:11:38', '2024-03-14 20:11:38'),
(58, 'Md Nantu Mallik', 'BLC-000016', 'nantumalik@gmail.com', NULL, 'user', '1', '1', '1', NULL, 122, NULL, '', 1, 0, NULL, 0, '2024-03-14 20:11:47', '2024-03-14 20:11:47'),
(59, 'Emp four', 'BLC-000017', 'empfour@gmail.com', NULL, 'user', '1', '1', '1', NULL, 123, NULL, '', 1, 0, NULL, 0, '2024-03-14 20:11:55', '2024-03-14 20:11:55'),
(60, 'Emp five', 'BLC-000018', 'empfive@gmail.com', NULL, 'user', '1', '1', '1', NULL, 124, NULL, '', 1, 0, NULL, 0, '2024-03-14 20:12:04', '2024-03-14 20:12:04'),
(61, 'EMP six', 'BLC-000019', 'empsix@gmail.com', NULL, 'user', '1', '1', '1', NULL, 125, NULL, '', 1, 0, NULL, 0, '2024-03-14 20:12:12', '2024-03-14 20:12:12'),
(62, 'Mamun Ahmed', 'IES-00008', 'mamun@gmail.com', NULL, 'user', '1', '1', '1', NULL, 126, NULL, '', 1, 0, NULL, 0, '2024-03-19 16:45:28', '2024-03-21 06:19:36');

--
-- Indexes for dumped tables
--

--
-- Indexes for table `branches`
--
ALTER TABLE `branches`
  ADD PRIMARY KEY (`id`);

--
-- Indexes for table `companies`
--
ALTER TABLE `companies`
  ADD PRIMARY KEY (`id`);

--
-- Indexes for table `cost_centers`
--
ALTER TABLE `cost_centers`
  ADD PRIMARY KEY (`id`);

--
-- Indexes for table `model_has_permissions`
--
ALTER TABLE `model_has_permissions`
  ADD PRIMARY KEY (`permission_id`,`model_id`,`model_type`),
  ADD KEY `model_has_permissions_model_id_model_type_index` (`model_id`,`model_type`);

--
-- Indexes for table `model_has_roles`
--
ALTER TABLE `model_has_roles`
  ADD PRIMARY KEY (`role_id`,`model_id`,`model_type`),
  ADD KEY `model_has_roles_model_id_model_type_index` (`model_id`,`model_type`);

--
-- Indexes for table `permissions`
--
ALTER TABLE `permissions`
  ADD PRIMARY KEY (`id`);

--
-- Indexes for table `roles`
--
ALTER TABLE `roles`
  ADD PRIMARY KEY (`id`);

--
-- Indexes for table `role_has_permissions`
--
ALTER TABLE `role_has_permissions`
  ADD PRIMARY KEY (`permission_id`,`role_id`),
  ADD KEY `role_has_permissions_role_id_foreign` (`role_id`);

--
-- Indexes for table `store_houses`
--
ALTER TABLE `store_houses`
  ADD PRIMARY KEY (`id`);

--
-- Indexes for table `users`
--
ALTER TABLE `users`
  ADD PRIMARY KEY (`id`),
  ADD UNIQUE KEY `users_email_unique` (`email`);

--
-- AUTO_INCREMENT for dumped tables
--

--
-- AUTO_INCREMENT for table `branches`
--
ALTER TABLE `branches`
  MODIFY `id` bigint(20) UNSIGNED NOT NULL AUTO_INCREMENT, AUTO_INCREMENT=3;

--
-- AUTO_INCREMENT for table `companies`
--
ALTER TABLE `companies`
  MODIFY `id` bigint(20) UNSIGNED NOT NULL AUTO_INCREMENT, AUTO_INCREMENT=2;

--
-- AUTO_INCREMENT for table `cost_centers`
--
ALTER TABLE `cost_centers`
  MODIFY `id` bigint(20) UNSIGNED NOT NULL AUTO_INCREMENT, AUTO_INCREMENT=3;

--
-- AUTO_INCREMENT for table `permissions`
--
ALTER TABLE `permissions`
  MODIFY `id` bigint(20) UNSIGNED NOT NULL AUTO_INCREMENT, AUTO_INCREMENT=423;

--
-- AUTO_INCREMENT for table `roles`
--
ALTER TABLE `roles`
  MODIFY `id` bigint(20) UNSIGNED NOT NULL AUTO_INCREMENT, AUTO_INCREMENT=11;

--
-- AUTO_INCREMENT for table `store_houses`
--
ALTER TABLE `store_houses`
  MODIFY `id` bigint(20) UNSIGNED NOT NULL AUTO_INCREMENT, AUTO_INCREMENT=3;

--
-- AUTO_INCREMENT for table `users`
--
ALTER TABLE `users`
  MODIFY `id` bigint(20) UNSIGNED NOT NULL AUTO_INCREMENT, AUTO_INCREMENT=63;
COMMIT;

/*!40101 SET CHARACTER_SET_CLIENT=@OLD_CHARACTER_SET_CLIENT */;
/*!40101 SET CHARACTER_SET_RESULTS=@OLD_CHARACTER_SET_RESULTS */;
/*!40101 SET COLLATION_CONNECTION=@OLD_COLLATION_CONNECTION */;
